{
  "name": "Pinka Blua",
  "theme": {
    "backgroundColor": {
      "blue": 0.73,
      "green": 0.78,
      "opacity": 1,
      "red": 0.98
    },
    "backgroundOpacity": 0.97,
    "backgroundType": "image",
    "countdownColor": {
      "blue": 0.6980392156862745,
      "green": 0.0784313725490196,
      "opacity": 0.7007757601603656,
      "red": 0.8313725490196078
    },
    "disableButtonBackgroundColor": {
      "blue": 0.6980392156862745,
      "green": 0.0784313725490196,
      "opacity": 0.8999999761581421,
      "red": 0.8313725490196078
    },
    "disableButtonTextColor": {
      "blue": 0.9607843137254902,
      "green": 0.9411764705882353,
      "opacity": 1,
      "red": 0.9725490196078431
    },
    "dismissButtonColor": {
      "blue": 0.2,
      "green": 0.26,
      "opacity": 0.15,
      "red": 0.86
    },
    "dismissIconColor": {
      "blue": 0.6980392156862745,
      "green": 0.0784313725490196,
      "opacity": 0.6000000238418579,
      "red": 0.8313725490196078
    },
    "id": "default",
    "imageFileName": "pinka_blua_pre.jpg",
    "joinButtonBackgroundColor": {
      "blue": 0.6980392156862745,
      "green": 0.0784313725490196,
      "opacity": 1,
      "red": 0.8313725490196078
    },
    "joinButtonTextColor": {
      "blue": 0.9607843137254902,
      "green": 0.9411764705882353,
      "opacity": 1,
      "red": 0.9725490196078431
    },
    "name": "Pinka Blua",
    "overlayColor": {
      "blue": 1,
      "green": 1,
      "opacity": 1,
      "red": 0.9999960065
    },
    "overlayOpacity": 0.2,
    "progressRingColor": {
      "blue": 0.6980392156862745,
      "green": 0.0784313725490196,
      "opacity": 0.4000000059604645,
      "red": 0.8313725490196078
    },
    "titleColor": {
      "blue": 0.6980392156862745,
      "green": 0.0784313725490196,
      "opacity": 1,
      "red": 0.8313725490196078
    }
  }
}